{
  "word_scores": {
    "wiki": 0.6,
    "what": 0.05000000000000007,
    "books": 0.6,
    "do": 0.45,
    "you": 0.35000000000000003,
    "have": 0.45,
    "tell": 0.30000000000000004,
    "me": 0.30000000000000004,
    "something": 0.4,
    "about": 0.25000000000000006,
    "distributed": 0.6,
    "networks": 0.45,
    "is": 0.05000000000000007,
    "lua": 0.7,
    "programming": 0.6,
    "language": 0.6,
    "more": 0.7,
    "just": 0.6499999999999999,
    "that": 0.45,
    "where": 0.35000000000000003,
    "alice": 0.6,
    "the": 0.35000000000000003,
    "movie": 0.45,
    "communion": 0.45,
    "can": 0.45,
    "it": 0.45,
    "mildred": 0.6,
    "clinton": 0.6,
    "david": 0.7,
    "bajwa": 0.8999999999999999,
    "movies": 0.6,
    "music": 0.6,
    "harmony": 0.6,
    "melody": 0.6,
    "rhythm": 0.6,
    "microseconds": 0.6,
    "with": 0.6,
    "empirical": 0.6,
    "evidence": 0.6,
    "are": 0.45,
    "talking": 0.6,
    "china": 0.7,
    "south": 0.55,
    "korea": 0.7999999999999999,
    "north": 0.6,
    "and": 0.45,
    "yalu": 0.8999999999999999,
    "river": 0.9999999999999999,
    "nop": 0.7999999999999999
  },
  "training_count": 28
}