{
  "word_scores": {
    "wiki": 0.6,
    "what": 0.30000000000000004,
    "books": 0.6,
    "do": 0.45,
    "you": 0.4,
    "have": 0.45,
    "tell": 0.30000000000000004,
    "me": 0.30000000000000004,
    "something": 0.4,
    "about": 0.35000000000000003,
    "distributed": 0.6,
    "networks": 0.45,
    "is": 0.30000000000000004,
    "lua": 0.7,
    "programming": 0.6,
    "language": 0.6,
    "more": 0.7,
    "just": 0.5499999999999999,
    "that": 0.45,
    "where": 0.45,
    "alice": 0.6,
    "the": 0.4,
    "movie": 0.45,
    "communion": 0.45,
    "can": 0.45,
    "it": 0.45,
    "mildred": 0.6,
    "clinton": 0.6,
    "david": 0.7,
    "bajwa": 0.8999999999999999,
    "movies": 0.6,
    "music": 0.6,
    "harmony": 0.6
  },
  "training_count": 14
}